TF	Target	Importance
1	ERG	DYRK1A	257.256997375822
2	MSRB3	DYRK1A	237.454293000805
3	FOXN3	DYRK1A	100.295099723806
4	RUNX1	DYRK1A	98.7106137785485
5	CREB5	DYRK1A	87.8573917021208
6	ZNF208	DYRK1A	80.5110013005653
7	KDM5D	DYRK1A	71.8147620508241
8	TFDP2	DYRK1A	71.0522807729996
9	SFPQ	DYRK1A	69.7713049932399
10	HMGN3	DYRK1A	65.7480993324443
11	ETS2	DYRK1A	65.2069249618121
12	TCF12	DYRK1A	64.2507146206022
13	ZNF98	DYRK1A	57.5574557212728
14	NCOR1	DYRK1A	57.0670488979089
15	NFIA	DYRK1A	55.2934940979982
16	THOC2	DYRK1A	52.0585595900789
17	HNRNPC	DYRK1A	51.5244278729499
18	UBE2K	DYRK1A	47.7707980763493
19	NFIB	DYRK1A	46.1863310293947
20	RFX7	DYRK1A	43.9900421592077
21	RPS4X	DYRK1A	43.3121411236008
22	TRIM24	DYRK1A	35.5453826979637
23	NFATC3	DYRK1A	35.1605619653913
24	MCTP2	DYRK1A	32.5362130840087
25	MAPK1	DYRK1A	30.7157308024764
26	SMARCC1	DYRK1A	28.4004164724917
27	SMAD2	DYRK1A	25.8079996318724
28	FOXJ3	DYRK1A	25.1307068836461
29	ZMIZ1	DYRK1A	23.1108067618614
30	RLF	DYRK1A	21.8830882803229
31	ZNF560	DYRK1A	18.8128178108738
32	PDS5A	DYRK1A	17.8408813510944
33	FOXP1	DYRK1A	17.5010328613484
34	CNOT4	DYRK1A	14.0884416289989
35	CCNT2	DYRK1A	13.6393904099388
36	YBX1	DYRK1A	13.1453027492948
37	MEIS1	DYRK1A	12.8399178879516
38	ZNF654	DYRK1A	12.0229781028839
39	CHD2	DYRK1A	11.4238004006464
40	RAB7A	DYRK1A	10.554839200785
41	HMGB1	DYRK1A	10.3404262685792
42	ZNF148	DYRK1A	10.1486341195743
43	IKZF1	DYRK1A	9.76047082233646
44	RREB1	DYRK1A	8.78024309446569
45	ATF6	DYRK1A	8.69835310927239
46	KDM2A	DYRK1A	7.95305167506942
47	RPS6KA5	DYRK1A	7.44384638091868
48	YY1	DYRK1A	7.12660058132593
49	KLF9	DYRK1A	6.60295347114401
50	RUNX2	DYRK1A	6.18213989102199
51	IKZF2	DYRK1A	5.99310333040124
52	MEF2A	DYRK1A	5.89989457266236
53	YWHAE	DYRK1A	5.75495343144186
54	ZNF521	DYRK1A	5.71745837799957
55	FOXO3	DYRK1A	5.29318896362685
56	SMAD6	DYRK1A	5.05797726222908
57	ENO1	DYRK1A	5.04725917589845
58	HP1BP3	DYRK1A	5.00131841865946
59	MYB	DYRK1A	4.92134755710253
60	RCOR1	DYRK1A	4.23790502946505
61	EZH2	DYRK1A	4.04931581750028
62	ZNF676	DYRK1A	4.00487236680646
63	ANXA1	DYRK1A	3.94165027489342
64	RFX2	DYRK1A	3.90758718403189
65	ZNF91	DYRK1A	3.87501054092911
66	RPS10	DYRK1A	3.78805850369143
67	SREBF2	DYRK1A	3.78539607376787
68	ZNF131	DYRK1A	3.60075051145094
69	BBX	DYRK1A	3.4144560516441
70	RAB2A	DYRK1A	3.25387367687952
71	UQCRB	DYRK1A	3.15883618784949
72	EEF1D	DYRK1A	3.08355943991153
73	HNRNPLL	DYRK1A	3.05292845601688
74	NFAT5	DYRK1A	2.82015804761042
75	ZBTB20	DYRK1A	2.6248844715108
76	REST	DYRK1A	2.42591646358343
77	GATA2	DYRK1A	2.34647591330598
78	KDM5B	DYRK1A	2.32340599958206
79	MAFF	DYRK1A	2.21449033834498
80	ZEB1	DYRK1A	2.16639084123785
81	RBM17	DYRK1A	2.15256469715697
82	ID1	DYRK1A	2.07016609082545
83	TAF1	DYRK1A	2.06164037470758
84	PRDM16	DYRK1A	2.05907313894345
85	MECOM	DYRK1A	2.02880165723995
86	E2F8	DYRK1A	1.99306543164049
87	CBX3	DYRK1A	1.98123468783041
88	ZNF569	DYRK1A	1.94888542290387
89	IRF1	DYRK1A	1.87808512612911
90	ADARB1	DYRK1A	1.71454225915552
91	ZBTB43	DYRK1A	1.68200629116366
92	RPL6	DYRK1A	1.64842038365025
93	ZNF367	DYRK1A	1.64082515683624
94	HMGB2	DYRK1A	1.61753145998203
95	KLF6	DYRK1A	1.60525111752572
96	E2F2	DYRK1A	1.60179113724973
97	NFE2L3	DYRK1A	1.58017283513272
98	MYBL2	DYRK1A	1.57158765160492
99	DNMT1	DYRK1A	1.49731460837516
100	ZCCHC17	DYRK1A	1.44565890535312
101	ZNF595	DYRK1A	1.39409746461926
102	ZFY	DYRK1A	1.37117826291867
103	SOX18	DYRK1A	1.37072902837499
104	KLF12	DYRK1A	1.34761710222205
105	AFF4	DYRK1A	1.30396371898677
106	SSBP3	DYRK1A	1.30220108303453
107	ACO1	DYRK1A	1.27148642349151
108	TEAD3	DYRK1A	1.25431002812636
109	LUZP1	DYRK1A	1.24872086449409
110	ZNF90	DYRK1A	1.24412080569659
111	TBL1XR1	DYRK1A	1.17509945906131
112	ELF1	DYRK1A	1.17016487812992
113	ZFPM1	DYRK1A	1.16765648897831
114	ZEB2	DYRK1A	1.1586932606875
115	SMC3	DYRK1A	1.11240843819192
116	LRRFIP1	DYRK1A	1.10854655769968
117	CAT	DYRK1A	1.07412478449442
118	CHURC1	DYRK1A	1.04514145050435
119	KDM4B	DYRK1A	1.00666162472145
120	HNRNPA1	DYRK1A	0.986498772098532
121	SMAD3	DYRK1A	0.968326580490481
122	MAX	DYRK1A	0.955299489849429
123	MSI2	DYRK1A	0.905450899393583
124	BACH1	DYRK1A	0.893742612582731
125	MNX1	DYRK1A	0.877590808868336
126	MEF2C	DYRK1A	0.877039363260116
127	HIVEP1	DYRK1A	0.874924660887957
128	POU2F1	DYRK1A	0.87414659598089
129	ZNF714	DYRK1A	0.852461934188777
130	POLE3	DYRK1A	0.841103208156898
131	ARID3A	DYRK1A	0.824472405316846
132	ANXA11	DYRK1A	0.808552365616458
133	PIR	DYRK1A	0.807374531248488
134	SP3	DYRK1A	0.802750392196322
135	RBPJ	DYRK1A	0.797570007008883
136	GADD45A	DYRK1A	0.787989619296543
137	GABPB1	DYRK1A	0.787384353866307
138	NUP107	DYRK1A	0.742049867560837
139	ZNF793	DYRK1A	0.732319137439015
140	TCFL5	DYRK1A	0.727846529359798
141	JUND	DYRK1A	0.689456919313738
142	TCF7L2	DYRK1A	0.687021782069356
143	PURA	DYRK1A	0.685972223912361
144	XG	DYRK1A	0.682033607743763
145	UBTF	DYRK1A	0.660510079670705
146	RAB14	DYRK1A	0.65992483508338
147	RB1	DYRK1A	0.645721945193582
148	ZNF124	DYRK1A	0.619356340378888
149	ZNF276	DYRK1A	0.619292519770934
150	TRPS1	DYRK1A	0.616525382272098
151	R3HDM2	DYRK1A	0.61512490586639
152	MYBL1	DYRK1A	0.610432271106772
153	CTCF	DYRK1A	0.576562999762161
154	ZNF782	DYRK1A	0.576393388136938
155	MXD1	DYRK1A	0.560615055276416
156	PAXIP1	DYRK1A	0.550856481786586
157	ZNF257	DYRK1A	0.545129284128256
158	HOXB3	DYRK1A	0.544872206173789
159	AGAP2	DYRK1A	0.531682021682867
160	CTBP2	DYRK1A	0.53069350257294
161	STAT4	DYRK1A	0.529250167121087
162	LARP4	DYRK1A	0.528631255560551
163	ZNF333	DYRK1A	0.512695745019412
164	MXD4	DYRK1A	0.51009742471192
165	MSRA	DYRK1A	0.508336288830952
166	TFEC	DYRK1A	0.506838168143569
167	CRX	DYRK1A	0.506632234736964
168	CERS6	DYRK1A	0.50290813717001
169	HMBOX1	DYRK1A	0.496097886483945
170	DTL	DYRK1A	0.476274945909157
171	SUZ12	DYRK1A	0.443131776390725
172	CTNNB1	DYRK1A	0.439146254652818
173	BRF1	DYRK1A	0.429030340342812
174	FOXM1	DYRK1A	0.412237737521128
175	ZNF501	DYRK1A	0.396265643806362
176	JUN	DYRK1A	0.382153232151879
177	ZBTB26	DYRK1A	0.380106688659688
178	ZNF683	DYRK1A	0.378724196714349
179	ATF2	DYRK1A	0.37751336816417
180	XBP1	DYRK1A	0.368704141203819
181	RPL35	DYRK1A	0.367796797954324
182	HNRNPH3	DYRK1A	0.366306396154449
183	THRB	DYRK1A	0.353604854231074
184	PBX3	DYRK1A	0.353308426995695
185	FOS	DYRK1A	0.348370077875017
186	RUNX3	DYRK1A	0.345891256367588
187	ELF2	DYRK1A	0.344546871661944
188	UBB	DYRK1A	0.341697625755515
189	ZNF146	DYRK1A	0.331569229097042
190	HOXA6	DYRK1A	0.320677307022599
191	MAGOH	DYRK1A	0.306428191707252
192	ZNF37A	DYRK1A	0.305958403361006
193	SIN3A	DYRK1A	0.300238044340557
194	NR2C1	DYRK1A	0.298097406451323
195	PLAG1	DYRK1A	0.297393831818612
196	FUBP1	DYRK1A	0.297256157882784
197	HLTF	DYRK1A	0.289075833323386
198	NCOR2	DYRK1A	0.288933852320695
199	SETBP1	DYRK1A	0.282287350557044
200	ZNF248	DYRK1A	0.281450554851752
201	ZNF717	DYRK1A	0.280834647375226
202	DR1	DYRK1A	0.278145950466516
203	H1FX	DYRK1A	0.274787305700945
204	BCLAF1	DYRK1A	0.270705828600695
205	MYLK	DYRK1A	0.265177438307383
206	NPDC1	DYRK1A	0.257438457191115
207	NR6A1	DYRK1A	0.256110023412958
208	IRF9	DYRK1A	0.255164817060439
209	FLI1	DYRK1A	0.25049632227593
210	HES1	DYRK1A	0.249973412044962
211	ZNF326	DYRK1A	0.249476099265738
212	ZNF432	DYRK1A	0.246387900305681
213	GTF2A2	DYRK1A	0.242221197063204
214	ZNF586	DYRK1A	0.241594991106844
215	SCMH1	DYRK1A	0.240751160404609
216	IKZF3	DYRK1A	0.238424487106615
217	ZNF726	DYRK1A	0.236644005584761
218	ZKSCAN1	DYRK1A	0.232163536894681
219	ZNF266	DYRK1A	0.231720907954108
220	ELK4	DYRK1A	0.230854757331408
221	ZNF532	DYRK1A	0.223187545015738
222	H2AFZ	DYRK1A	0.222582989017295
223	ZNF566	DYRK1A	0.221898373020975
224	NONO	DYRK1A	0.221120826655725
225	AR	DYRK1A	0.220321570824758
226	ETV6	DYRK1A	0.219451290487547
227	ZNF44	DYRK1A	0.217933735762129
228	ARNT	DYRK1A	0.216903372682015
229	HDAC1	DYRK1A	0.215379962581592
230	HHEX	DYRK1A	0.213647907134589
231	SOX4	DYRK1A	0.212676862505011
232	DNMT3A	DYRK1A	0.212072802157525
233	ETV3	DYRK1A	0.211674589077471
234	SRRM3	DYRK1A	0.206633721113618
235	ZNF385D	DYRK1A	0.205574479857998
236	GTF2H3	DYRK1A	0.205306210104043
237	ZBTB44	DYRK1A	0.204514012671661
238	HSPA5	DYRK1A	0.201951476612655
239	PIK3C3	DYRK1A	0.199397994964788
240	ZNF419	DYRK1A	0.19894026096098
241	FOXC1	DYRK1A	0.197879002818296
242	NR3C2	DYRK1A	0.19584860291039
243	CYB5R1	DYRK1A	0.195189454665499
244	KLF7	DYRK1A	0.195169663427115
245	BDP1	DYRK1A	0.193974189069934
246	REL	DYRK1A	0.192702411283749
247	ZNF33A	DYRK1A	0.188174285542533
248	FOXO1	DYRK1A	0.187214806767409
249	GTF3A	DYRK1A	0.186488883706261
250	ZBTB16	DYRK1A	0.184216270396729
251	ESR1	DYRK1A	0.180363421628072
252	SP110	DYRK1A	0.179136460192505
253	E2F3	DYRK1A	0.178877983173736
254	RAB18	DYRK1A	0.175644457913251
255	ZNF883	DYRK1A	0.173519037487005
256	ZDHHC15	DYRK1A	0.172090732679864
257	ZFP82	DYRK1A	0.171689656335081
258	ZNF345	DYRK1A	0.171061692206797
259	MESP2	DYRK1A	0.170588195746777
260	JUNB	DYRK1A	0.167037932131409
261	WRNIP1	DYRK1A	0.166614443153963
262	BPTF	DYRK1A	0.164186967001025
263	ZNF26	DYRK1A	0.163428061816743
264	TRMT1	DYRK1A	0.162302897815692
265	PSMC2	DYRK1A	0.160365329187447
266	ZNF431	DYRK1A	0.154851419936274
267	ZNF721	DYRK1A	0.154697893062896
268	KMT2A	DYRK1A	0.152386720797231
269	FOSB	DYRK1A	0.151775116639549
270	ZNF143	DYRK1A	0.151115215016504
271	TCF15	DYRK1A	0.150156553866309
272	CREB3L2	DYRK1A	0.150001813448457
273	SUPT20H	DYRK1A	0.149978143694485
274	CEBPA	DYRK1A	0.147356336987995
275	ZNF184	DYRK1A	0.146977788233422
276	RNF138	DYRK1A	0.14592775429199
277	SPATS2	DYRK1A	0.145904418764209
278	HLF	DYRK1A	0.141024802355692
279	TRIM33	DYRK1A	0.140605416699647
280	ZNF439	DYRK1A	0.13790874711269
281	HES4	DYRK1A	0.137819253297855
282	DNAJC21	DYRK1A	0.137723402021151
283	GIT2	DYRK1A	0.134865404530478
284	ZNF880	DYRK1A	0.134108623804937
285	IVD	DYRK1A	0.13358691709504
286	IRF8	DYRK1A	0.13355408415945
287	TBPL1	DYRK1A	0.13288590376943
288	STAU2	DYRK1A	0.131731230761333
289	STAT3	DYRK1A	0.13060072936481
290	ZNF107	DYRK1A	0.130375088124643
291	ZNF217	DYRK1A	0.129167377304516
292	RORA	DYRK1A	0.128654582861052
293	VAMP3	DYRK1A	0.126341818810732
294	SMARCA5	DYRK1A	0.126248959481103
295	SMAD1	DYRK1A	0.124399819526251
296	ZNF362	DYRK1A	0.124000970464744
297	BATF	DYRK1A	0.123235193681241
298	ZNF605	DYRK1A	0.123066967451196
299	ZNF43	DYRK1A	0.120210539252454
300	OVOL2	DYRK1A	0.12018287911287
301	AKR1A1	DYRK1A	0.120182633202673
302	BCL3	DYRK1A	0.119744164884885
303	ELF4	DYRK1A	0.118860498519293
304	ZNF567	DYRK1A	0.117552050106659
305	KLRG1	DYRK1A	0.115626031765868
306	TAGLN2	DYRK1A	0.111626506271578
307	MLXIP	DYRK1A	0.110260739901203
308	KDM2B	DYRK1A	0.110132978799382
309	ZNF84	DYRK1A	0.109754626378892
310	KDM4C	DYRK1A	0.109521397984507
311	ZNF658	DYRK1A	0.107830884659066
312	NFKB1	DYRK1A	0.106952860543768
313	ZNF75A	DYRK1A	0.106667725177771
314	ZNF180	DYRK1A	0.103412261262122
315	AHCTF1	DYRK1A	0.103235768593126
316	TSC22D4	DYRK1A	0.101764344544883
317	ZNF141	DYRK1A	0.101725207464613
318	LCORL	DYRK1A	0.101224234380772
319	ZNF761	DYRK1A	0.100968756584396
320	STAT5B	DYRK1A	0.100227681220257
321	KLF10	DYRK1A	0.0989719092262242
322	RNASEH2C	DYRK1A	0.0978491545166111
323	ZNF440	DYRK1A	0.0953369242834421
324	HIF3A	DYRK1A	0.0944830445318998
325	HOXB4	DYRK1A	0.0944355294244444
326	FBXL19	DYRK1A	0.0943020352903156
327	ZNF646	DYRK1A	0.0936552610359302
328	GTF2I	DYRK1A	0.0932253400010292
329	KDM5A	DYRK1A	0.0924588342480478
330	TFCP2	DYRK1A	0.0915825206372547
331	EP300	DYRK1A	0.0905250686585451
332	NMI	DYRK1A	0.0890572570140152
333	TGIF1	DYRK1A	0.0889250388802846
334	RBM3	DYRK1A	0.0886161824550324
335	WT1	DYRK1A	0.0879414930288626
336	YWHAZ	DYRK1A	0.0878270663482544
337	LMO2	DYRK1A	0.0869114114197702
338	TFAM	DYRK1A	0.0854950583021234
339	KDM4D	DYRK1A	0.0853032147194231
340	ZNF770	DYRK1A	0.0848364211285798
341	BCL11A	DYRK1A	0.0842824631276131
342	RBFOX2	DYRK1A	0.0839657641989152
343	ZNF207	DYRK1A	0.0833105389447277
344	LYL1	DYRK1A	0.0831300668538761
345	ZNF729	DYRK1A	0.0826554377898646
346	ZNF841	DYRK1A	0.0825080480758597
347	ZNF254	DYRK1A	0.0825025225486962
348	ZNF844	DYRK1A	0.0812703993469556
349	PPP1R10	DYRK1A	0.0812376938833247
350	ZNF708	DYRK1A	0.0798665657737547
351	ZNF253	DYRK1A	0.0797473565967316
352	EBF4	DYRK1A	0.0795066325676483
353	CHD1	DYRK1A	0.0791999968024085
354	SFT2D1	DYRK1A	0.0788051258288723
355	HESX1	DYRK1A	0.0785199519747966
356	ZNF652	DYRK1A	0.0779906439113297
357	STAT1	DYRK1A	0.0778752232193681
358	ZNF610	DYRK1A	0.0770259941329654
359	TROVE2	DYRK1A	0.0767355369901003
360	ZBTB11	DYRK1A	0.0756223632323841
361	PUM3	DYRK1A	0.0754053778354935
362	NFATC2	DYRK1A	0.0740851025903249
363	HDAC6	DYRK1A	0.0739462534869361
364	MEIS3	DYRK1A	0.0726002628580296
365	UBP1	DYRK1A	0.0722818774808828
366	TRIP10	DYRK1A	0.0721249045594397
367	HOXA9	DYRK1A	0.0718728490295026
368	ARID5A	DYRK1A	0.0711762851995019
369	NAP1L1	DYRK1A	0.0709718461155631
370	GLI3	DYRK1A	0.0707128875009486
371	ZNF621	DYRK1A	0.070557846062768
372	RBMS1	DYRK1A	0.070435430464054
373	ZSCAN2	DYRK1A	0.0703611010333508
374	PRNP	DYRK1A	0.0702665456461891
375	MNT	DYRK1A	0.0700175868081171
376	MYEF2	DYRK1A	0.0688759679784583
377	HIRIP3	DYRK1A	0.0685462679409222
378	YOD1	DYRK1A	0.0684596782623814
379	MSI1	DYRK1A	0.0674639014698912
380	ZNF100	DYRK1A	0.0669522126165613
381	AVEN	DYRK1A	0.0668768650977636
382	ABL1	DYRK1A	0.0665440500743244
383	KIF22	DYRK1A	0.0664069257294394
384	ATF4	DYRK1A	0.0663015125293661
385	PBX1	DYRK1A	0.0662749589171014
386	ZFP90	DYRK1A	0.0659848529985271
387	UBXN1	DYRK1A	0.0659516223550025
388	ZNF669	DYRK1A	0.0653627881321347
389	IKZF4	DYRK1A	0.0649866593917017
390	RELB	DYRK1A	0.0648259366830556
391	GTF2F1	DYRK1A	0.0642026691621667
392	PURG	DYRK1A	0.0640631460187903
393	ZNF451	DYRK1A	0.0637622833411959
394	TBX19	DYRK1A	0.0634488944953967
395	ZFP64	DYRK1A	0.0632436143000121
396	ILF2	DYRK1A	0.0631675849058088
397	GMEB2	DYRK1A	0.0626843343806475
398	ZNF627	DYRK1A	0.0623685983168201
399	GLI1	DYRK1A	0.0618710825069142
400	CERS5	DYRK1A	0.0610232660423929
401	CREM	DYRK1A	0.0608959766917882
402	NFE2L1	DYRK1A	0.0608746397009204
403	RBM8A	DYRK1A	0.0608287563725359
404	ZBTB7A	DYRK1A	0.0607441985715081
405	TAF9	DYRK1A	0.0605423677240385
406	ZNF562	DYRK1A	0.0603913895897535
407	ZFHX2	DYRK1A	0.0603399583314855
408	KDM7A	DYRK1A	0.0595250729533124
409	ZNF316	DYRK1A	0.0588307818323888
410	TIA1	DYRK1A	0.058662330050016
411	TFAP2E	DYRK1A	0.0585090398472665
412	ZNF680	DYRK1A	0.0584967523391699
413	ESRRB	DYRK1A	0.0581315934409708
414	ASH2L	DYRK1A	0.0576383781334214
415	DDIT3	DYRK1A	0.0575842488016318
416	YEATS4	DYRK1A	0.0571870913770028
417	EDN1	DYRK1A	0.0568614803429176
418	HCFC2	DYRK1A	0.0562606748709307
419	SMARCA1	DYRK1A	0.0559614421155084
420	CIC	DYRK1A	0.0552837098457412
421	ZNF821	DYRK1A	0.0543811281359118
422	IRF2	DYRK1A	0.054292262590409
423	ZNF83	DYRK1A	0.0542465409081092
424	GLIS2	DYRK1A	0.0540295958405068
425	ZNF550	DYRK1A	0.0534462138434726
426	ZSCAN5A	DYRK1A	0.0534375240040253
427	SP2	DYRK1A	0.053385417261754
428	CLK1	DYRK1A	0.0533201128017412
429	ZBTB37	DYRK1A	0.0529201389329899
430	ODC1	DYRK1A	0.0527882870290555
431	ZNF468	DYRK1A	0.0526053546334107
432	ZNF516	DYRK1A	0.0523240398842916
433	ZNF140	DYRK1A	0.0521234834467028
434	HOXB2	DYRK1A	0.0519443176857205
435	ADNP	DYRK1A	0.0517186610904313
436	MEIS2	DYRK1A	0.0515740449351419
437	PRKAA1	DYRK1A	0.0513248923821846
438	ATF3	DYRK1A	0.0511921768744172
439	ZSCAN12	DYRK1A	0.0511022524870399
440	ZNF486	DYRK1A	0.0508164197608001
441	NF1	DYRK1A	0.0505745223786908
442	GAR1	DYRK1A	0.0504905974031808
443	ZHX1	DYRK1A	0.0504807579569112
444	HIVEP2	DYRK1A	0.0500884156724245
445	ZNF160	DYRK1A	0.0500479550846387
446	ZNF671	DYRK1A	0.0496177959301533
447	CYCS	DYRK1A	0.0493901285587819
448	PRDM5	DYRK1A	0.0489032404149907
449	ZNF496	DYRK1A	0.0488410501685654
450	ZNF697	DYRK1A	0.0487476014628772
451	CDK2AP1	DYRK1A	0.0485992350352923
452	NR4A1	DYRK1A	0.048431102098198
453	GTF2B	DYRK1A	0.0479993122554061
454	ZNF416	DYRK1A	0.0479480858082542
455	ZNF830	DYRK1A	0.0478283396135664
456	ZNF549	DYRK1A	0.0477034956435519
457	ESRRA	DYRK1A	0.0474540944038874
458	NFYB	DYRK1A	0.0472415842214289
459	STAT2	DYRK1A	0.0465322940266806
460	ZNF382	DYRK1A	0.0465099769977076
461	GPAM	DYRK1A	0.0462562391961532
462	ELK3	DYRK1A	0.046107547002645
463	FOXN2	DYRK1A	0.0460331885233882
464	PQBP1	DYRK1A	0.0459824218719077
465	ZNF274	DYRK1A	0.04568353891368
466	CEBPB	DYRK1A	0.0454810332004034
467	UTP18	DYRK1A	0.0454309933873741
468	ERF	DYRK1A	0.0448108498639981
469	ZNF613	DYRK1A	0.0446148122571203
470	HES6	DYRK1A	0.0445357449124682
471	POLR2A	DYRK1A	0.0441828435503091
472	ARID3B	DYRK1A	0.044096074177712
473	ZNF765	DYRK1A	0.0439802554762834
474	SMAP2	DYRK1A	0.0439172153495321
475	RFX3	DYRK1A	0.0438257208325144
476	ZNF230	DYRK1A	0.0433017007328344
477	SMARCA4	DYRK1A	0.042980107987917
478	ZNF578	DYRK1A	0.0429597311151084
479	ZNF81	DYRK1A	0.0428986981608208
480	ZNF302	DYRK1A	0.0427885205610868
481	SP100	DYRK1A	0.0427636321259598
482	ECSIT	DYRK1A	0.0426630562055517
483	TCF3	DYRK1A	0.0426384693509477
484	XPA	DYRK1A	0.0424627460714426
485	RAD21	DYRK1A	0.0423525121666369
486	ZHX3	DYRK1A	0.0423522767669279
487	RBM7	DYRK1A	0.042321747435953
488	ETS1	DYRK1A	0.0422308767578277
489	HDX	DYRK1A	0.0421476266681707
490	SOD1	DYRK1A	0.0421315781446935
491	YY2	DYRK1A	0.0418627999793808
492	CERS4	DYRK1A	0.0418616434685817
493	TEAD1	DYRK1A	0.041489267986792
494	E2F4	DYRK1A	0.0407777424982642
495	ZNF155	DYRK1A	0.0407500458698173
496	GTF3C2	DYRK1A	0.0405127378902656
497	STUB1	DYRK1A	0.0404619338564707
498	ZNF324	DYRK1A	0.04036700086885
499	DHX36	DYRK1A	0.0401089037673177
500	ZNF16	DYRK1A	0.0398562676613008
501	HIST2H2BE	DYRK1A	0.0397658306319489
502	ZNF197	DYRK1A	0.0395480085992298
503	ZNF174	DYRK1A	0.0388869324899568
504	MAF	DYRK1A	0.03878179124432
505	ZBTB46	DYRK1A	0.0384508550939943
506	FOXK2	DYRK1A	0.0382108222412416
507	ZNF224	DYRK1A	0.0380734728742751
508	ZHX2	DYRK1A	0.038032906255043
509	PEG3	DYRK1A	0.03780622311837
510	CREB3	DYRK1A	0.0376887013786524
511	ZNF525	DYRK1A	0.037662435700047
512	PLAGL1	DYRK1A	0.037332108795324
513	ZBTB41	DYRK1A	0.0365341276563049
514	NCBP2	DYRK1A	0.0363907994598038
515	ZNF20	DYRK1A	0.0362293703824862
516	ZNF785	DYRK1A	0.0362288063655174
517	ZNF846	DYRK1A	0.0361246407305416
518	PHTF1	DYRK1A	0.0360818304232688
519	ZNF568	DYRK1A	0.0359161434910187
520	DAZAP1	DYRK1A	0.0355263240667206
521	ZNF541	DYRK1A	0.0354443608545988
522	ZFP30	DYRK1A	0.0352715395331808
523	NFYC	DYRK1A	0.0351914860319316
524	KLF3	DYRK1A	0.0350391224491601
525	HMGA1	DYRK1A	0.0349399250216147
526	HIF1A	DYRK1A	0.0349359500538959
527	ACAA1	DYRK1A	0.0348868664825352
528	ADNP2	DYRK1A	0.0344771167065504
529	ZNF221	DYRK1A	0.0344083653715171
530	GMEB1	DYRK1A	0.0342835523242429
531	CREB1	DYRK1A	0.0335021603061951
532	HMGB3	DYRK1A	0.0334884073453303
533	ZNF616	DYRK1A	0.0332737688727252
534	GTF3C5	DYRK1A	0.0332352878408769
535	ZBTB34	DYRK1A	0.0329159300049562
536	ZNF577	DYRK1A	0.0325660805144599
537	CENPB	DYRK1A	0.0322644864110591
538	PPARD	DYRK1A	0.0322199346162506
539	SRBD1	DYRK1A	0.0322175122771985
540	SETDB1	DYRK1A	0.0321705928293745
541	ZNF213	DYRK1A	0.0320907780716476
542	ZNF581	DYRK1A	0.0320239531475019
543	ZNF383	DYRK1A	0.0318135959522676
544	POLE4	DYRK1A	0.0314477131900461
545	DNTTIP1	DYRK1A	0.0313893946141562
546	SF3B1	DYRK1A	0.0313524723040736
547	SMAD7	DYRK1A	0.0310251515198852
548	NFATC1	DYRK1A	0.0309041987203808
549	ZNF438	DYRK1A	0.0308795507125902
550	PML	DYRK1A	0.0307773451039999
551	ZXDC	DYRK1A	0.0306399220936066
552	TBP	DYRK1A	0.0305462685567035
553	NFIC	DYRK1A	0.0305422359317235
554	ZKSCAN7	DYRK1A	0.0305019697913919
555	HMGA2	DYRK1A	0.0304951372601354
556	CNOT6	DYRK1A	0.0304129967975915
557	PRDM15	DYRK1A	0.0304081689669588
558	AEBP2	DYRK1A	0.0303238225681608
559	TPI1	DYRK1A	0.0301480638581634
560	USF1	DYRK1A	0.0299981437177185
561	JDP2	DYRK1A	0.0299055907173211
562	ZFP14	DYRK1A	0.0298573496008463
563	APEX1	DYRK1A	0.0298015418838388
564	PRDX5	DYRK1A	0.0289488124543687
565	ZNF12	DYRK1A	0.0288971228897956
566	IKZF5	DYRK1A	0.0287703302416857
567	MTA3	DYRK1A	0.0287121015360617
568	RNF114	DYRK1A	0.0286921982217872
569	ZNF552	DYRK1A	0.0286853720290459
570	MBD1	DYRK1A	0.028469672882695
571	NR2F6	DYRK1A	0.0284538676096944
572	TAL1	DYRK1A	0.0283347583408472
573	FANK1	DYRK1A	0.0283262837700988
574	METTL3	DYRK1A	0.0282774617048046
575	CUX1	DYRK1A	0.028209439797389
576	USF2	DYRK1A	0.0282017802832479
577	ZNF678	DYRK1A	0.028170675311729
578	LSM6	DYRK1A	0.0280502046122159
579	EZR	DYRK1A	0.0280327278812242
580	ZNF66	DYRK1A	0.0279065273708792
581	ZNF594	DYRK1A	0.0278953128949804
582	ZNF467	DYRK1A	0.0278922900495567
583	TERF2	DYRK1A	0.027760122133994
584	NNT	DYRK1A	0.0275664775268803
585	ZNF398	DYRK1A	0.0275040709322629
586	GFI1	DYRK1A	0.02749857058748
587	BAX	DYRK1A	0.027346317649786
588	TCF23	DYRK1A	0.0271734031656266
589	ZNF546	DYRK1A	0.0271451673867991
590	ZSCAN32	DYRK1A	0.0271171630123695
591	ZNF732	DYRK1A	0.0269662755383569
592	TSNAX	DYRK1A	0.0269081154321102
593	ZNF3	DYRK1A	0.0268948972944766
594	ZNF57	DYRK1A	0.0268404802356945
595	MXI1	DYRK1A	0.0266914639984919
596	ZNF808	DYRK1A	0.0263437290816263
597	ZNF420	DYRK1A	0.02627711000399
598	ZNF710	DYRK1A	0.0262153574824614
599	NKX2-3	DYRK1A	0.0262068281148412
600	IRF3	DYRK1A	0.0261333213139167
601	FOXP4	DYRK1A	0.0260982454124957
602	ZNF426	DYRK1A	0.025496257707558
603	TCF4	DYRK1A	0.0254962041293946
604	NFIX	DYRK1A	0.0253884147685452
605	MAP4K2	DYRK1A	0.0252835699146087
606	PCK2	DYRK1A	0.0252427318280282
607	MED30	DYRK1A	0.0252278431095848
608	ZNF540	DYRK1A	0.0248723009215861
609	RAN	DYRK1A	0.0248297948852885
610	CPTP	DYRK1A	0.0247867948276771
611	ZNF273	DYRK1A	0.0247727139633533
612	METTL14	DYRK1A	0.0246856126112328
613	RPP25	DYRK1A	0.0244921857777133
614	ZNF282	DYRK1A	0.0242274036017187
615	BAD	DYRK1A	0.0241745963080719
616	HNRNPA0	DYRK1A	0.0241288036398366
617	RELA	DYRK1A	0.0240432341471205
618	RFXANK	DYRK1A	0.0239284579821724
619	ETFB	DYRK1A	0.0238520662049758
620	ZNF8	DYRK1A	0.0237522898417169
621	ARNTL2	DYRK1A	0.0236637786272415
622	SPAG7	DYRK1A	0.0234315895137935
623	GTPBP1	DYRK1A	0.0233377798511773
624	CEBPG	DYRK1A	0.0232273008112527
625	SMARCC2	DYRK1A	0.0230349426216751
626	TSN	DYRK1A	0.0230154799256358
627	FHL2	DYRK1A	0.0229854068494413
628	E2F7	DYRK1A	0.0228856638931826
629	DUSP22	DYRK1A	0.0228754968741362
630	MTF1	DYRK1A	0.0228588642458069
631	ZC3H7A	DYRK1A	0.0227316917782461
632	TIMM44	DYRK1A	0.0227170273150753
633	KLF16	DYRK1A	0.0227018578849461
634	HIST1H2BN	DYRK1A	0.0226685962118165
635	GTPBP6	DYRK1A	0.0226629604674079
636	ZNF445	DYRK1A	0.022600354203441
637	KCNIP1	DYRK1A	0.0225422562885724
638	FOXP2	DYRK1A	0.0225000366560496
639	NRL	DYRK1A	0.0224629051916557
640	PRDM10	DYRK1A	0.0224561972300865
641	HDAC3	DYRK1A	0.0224351968900525
642	MYCN	DYRK1A	0.0222800505479518
643	NRF1	DYRK1A	0.0220147258931497
644	SOCS4	DYRK1A	0.0219452041906608
645	PRDM11	DYRK1A	0.0217201929170874
646	ZFP3	DYRK1A	0.0212237890282031
647	SP6	DYRK1A	0.0211892965043584
648	ZIK1	DYRK1A	0.0210443134917234
649	BACH2	DYRK1A	0.0210349438019028
650	MBD4	DYRK1A	0.0210205236554489
651	HDAC2	DYRK1A	0.0208051434382392
652	CREBZF	DYRK1A	0.0207225183424627
653	ZNF667	DYRK1A	0.020703473047695
654	MAZ	DYRK1A	0.0205149505633788
655	ZNF22	DYRK1A	0.0204531636369507
656	P4HB	DYRK1A	0.0202026884394029
657	XRCC1	DYRK1A	0.0199017225751858
658	ZFX	DYRK1A	0.0198453990317076
659	TBX6	DYRK1A	0.019640486197873
660	TOPORS	DYRK1A	0.019635249809477
661	CRTC2	DYRK1A	0.0195810531002577
662	SRP9	DYRK1A	0.0195144522837578
663	ZNF92	DYRK1A	0.0194822727573705
664	THAP12	DYRK1A	0.0194804271593968
665	ZNF232	DYRK1A	0.019474851271845
666	NCALD	DYRK1A	0.0194530460081769
667	FOXN4	DYRK1A	0.0193763251149383
668	ZNF624	DYRK1A	0.0193659117218535
669	HKR1	DYRK1A	0.0192109229022127
670	ZNF740	DYRK1A	0.0191377682060315
671	IRX1	DYRK1A	0.0190574096045408
672	ZNF41	DYRK1A	0.0190533055835864
673	SP4	DYRK1A	0.0189961629592951
674	ZNF226	DYRK1A	0.0187761429285191
675	TRMO	DYRK1A	0.0186929123224248
676	ZNF565	DYRK1A	0.0186647092533141
677	ARNTL	DYRK1A	0.018645872578012
678	TFDP1	DYRK1A	0.0185753044548561
679	PSMA6	DYRK1A	0.0185551247512374
680	ZNF720	DYRK1A	0.0185149499792508
681	ZNF99	DYRK1A	0.0185045296449899
682	CELF5	DYRK1A	0.018396985568084
683	ARID5B	DYRK1A	0.0183402607147506
684	MBNL2	DYRK1A	0.0182776013591464
685	ZNF672	DYRK1A	0.0182634043605625
686	ZNF493	DYRK1A	0.0182608463618857
687	SMARCB1	DYRK1A	0.018182881604044
688	ZNF629	DYRK1A	0.0181798750822076
689	HDAC8	DYRK1A	0.0181652080581148
690	ZNF280D	DYRK1A	0.018003194261965
691	ZNF814	DYRK1A	0.0178146483668262
692	PDLIM5	DYRK1A	0.0177452253093624
693	NR1D2	DYRK1A	0.0177022204266323
694	ZNF660	DYRK1A	0.0176827691849459
695	BRCA1	DYRK1A	0.0176463455246553
696	POU2F2	DYRK1A	0.0176089116186989
697	HTATIP2	DYRK1A	0.0176001489225527
698	ZNF322	DYRK1A	0.0175529907614205
699	DEAF1	DYRK1A	0.0175238764063399
700	ZNF736	DYRK1A	0.0174254993922685
701	ZNF397	DYRK1A	0.0172820679038879
702	ZNF675	DYRK1A	0.0172578000702365
703	ZNF597	DYRK1A	0.0172143341134719
704	NFIL3	DYRK1A	0.0171047832701828
705	HOXB6	DYRK1A	0.0169248479567248
706	MBD2	DYRK1A	0.016922802441669
707	ZNF484	DYRK1A	0.0168814338075766
708	ZNF117	DYRK1A	0.0167276664867375
709	ZNF677	DYRK1A	0.0166372544471252
710	ZNF182	DYRK1A	0.0166331229086356
711	SOX15	DYRK1A	0.0165668575401327
712	TCF7L1	DYRK1A	0.0165021481644287
713	ID2	DYRK1A	0.0163765334914397
714	HOXA5	DYRK1A	0.0162854296040695
715	ZNF169	DYRK1A	0.0161909410448135
716	ZNF267	DYRK1A	0.0161200220730456
717	CXXC1	DYRK1A	0.0160579458314848
718	KLF2	DYRK1A	0.015945356756878
719	HIVEP3	DYRK1A	0.0159014184358329
720	ZNF773	DYRK1A	0.0157726814745402
721	RARA	DYRK1A	0.0157527671532545
722	POLD2	DYRK1A	0.0157023855710576
723	FOXK1	DYRK1A	0.0156471745912646
724	MRPS25	DYRK1A	0.015567797201599
725	PHOX2A	DYRK1A	0.0154858597734263
726	ZCCHC14	DYRK1A	0.0154620417801072
727	ZNF639	DYRK1A	0.0154303597036855
728	KLF1	DYRK1A	0.0153173255131417
729	ZNF682	DYRK1A	0.0152526078072189
730	CARF	DYRK1A	0.0152105573696617
731	TWIST1	DYRK1A	0.0150864558640976
732	CREB3L4	DYRK1A	0.0150785817234097
733	ZBTB7C	DYRK1A	0.0150021670152994
734	CD59	DYRK1A	0.0149787477092596
735	AGGF1	DYRK1A	0.0149355323160947
736	ZNF317	DYRK1A	0.0148946493843854
737	ZNF763	DYRK1A	0.0148531008889169
738	ZNF331	DYRK1A	0.0147701240202443
739	ZNF251	DYRK1A	0.0146960745780015
740	ZNF559	DYRK1A	0.0146920206760745
741	LARP1	DYRK1A	0.014601438002472
742	CERS3	DYRK1A	0.0145748052021751
743	MZF1	DYRK1A	0.0145360023509078
744	ZNF75D	DYRK1A	0.0145268921585341
745	ZNF225	DYRK1A	0.0145171633891068
746	CCDC25	DYRK1A	0.0144988014918094
747	ZNF557	DYRK1A	0.0144760804067072
748	SNAPC5	DYRK1A	0.0144746628694444
749	ZNF48	DYRK1A	0.0144403164029842
750	HOXB5	DYRK1A	0.0144180191639947
751	ARFGAP1	DYRK1A	0.0143801928542592
752	KLF13	DYRK1A	0.0143325125655886
753	ZMAT2	DYRK1A	0.0142773293370171
754	ZNF836	DYRK1A	0.0142607864532705
755	E2F6	DYRK1A	0.014249782456998
756	CEBPD	DYRK1A	0.0142311422294937
757	ZNF778	DYRK1A	0.0141876176397243
758	ZNF780B	DYRK1A	0.0141741917595069
759	SF1	DYRK1A	0.0141256108168066
760	ZNF776	DYRK1A	0.0140829777654732
761	ZNF555	DYRK1A	0.0139348906706307
762	GTF2A1	DYRK1A	0.0139347935916664
763	NR2C2	DYRK1A	0.0139312651697294
764	U2AF1	DYRK1A	0.0138055448977777
765	RUFY3	DYRK1A	0.0136810887421681
766	NMRAL1	DYRK1A	0.0136308703554167
767	ZNF727	DYRK1A	0.0135851727934407
768	OTUD4	DYRK1A	0.013576296557115
769	ZNF784	DYRK1A	0.0133887308590563
770	ZBTB1	DYRK1A	0.0132301038077388
771	ZKSCAN8	DYRK1A	0.0132138213517261
772	STAT5A	DYRK1A	0.0131570625649166
773	MEF2D	DYRK1A	0.0130982027897579
774	ZBTB18	DYRK1A	0.0130430976382533
775	ZNF195	DYRK1A	0.0129983516296128
776	SPI1	DYRK1A	0.012947993976969
777	RFC3	DYRK1A	0.0128558734464281
778	ZNF234	DYRK1A	0.0127667406134146
779	WISP2	DYRK1A	0.012453033517055
780	PPARA	DYRK1A	0.0122344992238936
781	TEF	DYRK1A	0.0121913107939995
782	ZBTB48	DYRK1A	0.0119997630465668
783	RXRA	DYRK1A	0.0119707063107388
784	ZBTB2	DYRK1A	0.011969723530554
785	H2AFY	DYRK1A	0.0119472204583499
786	PHF21A	DYRK1A	0.0119247382905997
787	USP39	DYRK1A	0.0118521367335229
788	ZNF527	DYRK1A	0.0118087185668729
789	NOC2L	DYRK1A	0.0117941791199423
790	CANX	DYRK1A	0.0115634998491092
791	ZNF235	DYRK1A	0.0114741203334427
792	RIOK2	DYRK1A	0.0114260324672613
793	ZNF250	DYRK1A	0.0113908955456807
794	POU2F3	DYRK1A	0.0113168125467771
795	HOXA7	DYRK1A	0.0112577585846208
796	CDC5L	DYRK1A	0.0111703236871821
797	ZNF655	DYRK1A	0.0111339043201857
798	ZNF829	DYRK1A	0.0110765315659585
799	CBFB	DYRK1A	0.0110253454407517
800	GOT1	DYRK1A	0.0109219416913599
801	ZFHX3	DYRK1A	0.0108210016018549
802	ZNF701	DYRK1A	0.0108158066283533
803	ZNF574	DYRK1A	0.0107293242578987
804	PSMD12	DYRK1A	0.0107231900983805
805	ZNF121	DYRK1A	0.0106959721865024
806	ZNF69	DYRK1A	0.0106810945702349
807	HLCS	DYRK1A	0.01067935132293
808	SNAPC4	DYRK1A	0.010669411502421
809	BCL6	DYRK1A	0.0106153052458158
810	NELFA	DYRK1A	0.0105546497487485
811	NELFB	DYRK1A	0.0104681285141718
812	AHRR	DYRK1A	0.0104436005424886
813	CBFA2T2	DYRK1A	0.0104387740768043
814	ZNF771	DYRK1A	0.0104330288456004
815	PRDM7	DYRK1A	0.0102975747621351
816	ZNF335	DYRK1A	0.0102798610260187
817	RFX8	DYRK1A	0.0102711205039316
818	ZNF551	DYRK1A	0.0100005390799909
819	NFYA	DYRK1A	0.00996442740426584
820	EGR3	DYRK1A	0.00992923667663945
821	GRHPR	DYRK1A	0.00990664123349879
822	ZNF189	DYRK1A	0.00987912359106386
823	ZNF134	DYRK1A	0.00986427390030481
824	ZNF157	DYRK1A	0.00966344368856643
825	SALL4	DYRK1A	0.00955911606404008
826	ZNF24	DYRK1A	0.00953355441608953
827	ZNF791	DYRK1A	0.00953134188107931
828	CFL2	DYRK1A	0.00945791465700754
829	PBX2	DYRK1A	0.00943463251787547
830	HOMEZ	DYRK1A	0.00937412564943839
831	ZNF670	DYRK1A	0.00934039659066778
832	RBBP9	DYRK1A	0.00926668567289429
833	MAFK	DYRK1A	0.00921286619669606
834	RBM42	DYRK1A	0.00920916361118075
835	DMAP1	DYRK1A	0.00916738770105866
836	MAFG	DYRK1A	0.00916108742126413
837	THAP5	DYRK1A	0.00915252415420101
838	HOXA10	DYRK1A	0.00909455169114436
839	ZNF664	DYRK1A	0.00902191065146304
840	TIMM8A	DYRK1A	0.00898433822835728
841	ZNF718	DYRK1A	0.00896822087184426
842	CERS2	DYRK1A	0.00881598801230355
843	ZNF879	DYRK1A	0.00876784088353599
844	RBM22	DYRK1A	0.00875462479952508
845	HOXA3	DYRK1A	0.00871231887579961
846	NFE2L2	DYRK1A	0.00868919298500129
847	ZBTB14	DYRK1A	0.00863007177384501
848	RFX1	DYRK1A	0.00861655199720051
849	ZNF587	DYRK1A	0.0086024082768854
850	ZNF792	DYRK1A	0.00859569883279377
851	ZNF202	DYRK1A	0.00858250792945254
852	ZNF507	DYRK1A	0.00856347013111599
853	ZNF281	DYRK1A	0.00855200168622157
854	POLI	DYRK1A	0.00850879406811756
855	ZNF80	DYRK1A	0.00848686346816723
856	GLIS3	DYRK1A	0.00837068747712891
857	GZF1	DYRK1A	0.00830569217426826
858	VPS4B	DYRK1A	0.00822364645230258
859	NR5A1	DYRK1A	0.00816706451827544
860	CPEB1	DYRK1A	0.00816162789080444
861	XRCC4	DYRK1A	0.00812914836616361
862	NFE2	DYRK1A	0.00809934304860757
863	ZNF354C	DYRK1A	0.00808537814713626
864	ZNF786	DYRK1A	0.00798479890733911
865	ZNF229	DYRK1A	0.00796027095431945
866	ZKSCAN3	DYRK1A	0.00795721803859574
867	NR3C1	DYRK1A	0.00790887108870824
868	ZNF534	DYRK1A	0.00782032622016373
869	ZBTB25	DYRK1A	0.00781225907301588
870	ZNF85	DYRK1A	0.00778729206461226
871	ATF7	DYRK1A	0.00777142401393404
872	ZDHHC24	DYRK1A	0.00776947878290962
873	HMG20A	DYRK1A	0.0077174071554827
874	SNRNP70	DYRK1A	0.00768254917293202
875	ZNF263	DYRK1A	0.00766337983528703
876	MYC	DYRK1A	0.00764620997262996
877	ZNF695	DYRK1A	0.0075831449939087
878	NR1H2	DYRK1A	0.0074652153596247
879	ZBTB8B	DYRK1A	0.00745755986456253
880	CEBPZ	DYRK1A	0.00743546739802962
881	ZNF687	DYRK1A	0.0074315794590167
882	ZFP62	DYRK1A	0.00739441912292511
883	ZNF227	DYRK1A	0.00738369368741022
884	MSX1	DYRK1A	0.00729747651024177
885	ZNF429	DYRK1A	0.0072636090088101
886	ZNF236	DYRK1A	0.00724894015361813
887	FOXB1	DYRK1A	0.00724805304140345
888	ZNF790	DYRK1A	0.00722530635305273
889	HOXA2	DYRK1A	0.00719551883951202
890	SRF	DYRK1A	0.00718562215778545
891	ELF3	DYRK1A	0.00718451519302858
892	UGP2	DYRK1A	0.00717233550579052
893	CEBPE	DYRK1A	0.0071664766025066
894	VEZF1	DYRK1A	0.0071412152708901
895	ZNF589	DYRK1A	0.00709166516088024
896	TP53	DYRK1A	0.0069767524171644
897	BATF3	DYRK1A	0.00694638279273207
898	ATF6B	DYRK1A	0.00691176186730882
899	ZNF626	DYRK1A	0.0068819383451646
900	ZBTB4	DYRK1A	0.00684458959417786
901	PKNOX1	DYRK1A	0.00682822404894173
902	ZNF14	DYRK1A	0.00681135400699221
903	GPANK1	DYRK1A	0.00680613689410941
904	ZNF136	DYRK1A	0.00679866621604842
905	BCL6B	DYRK1A	0.00679331734854895
906	SAP30	DYRK1A	0.00675166222523341
907	ZNF598	DYRK1A	0.00674492215730683
908	ZNF789	DYRK1A	0.00665568180247998
909	MTHFD1	DYRK1A	0.00663086522342885
910	ZSCAN20	DYRK1A	0.0065650514935743
911	HSF1	DYRK1A	0.00656397027172699
912	ZBTB6	DYRK1A	0.00653786686913172
913	ING3	DYRK1A	0.00652453819702143
914	HSF2	DYRK1A	0.00651205532355384
915	ZNF425	DYRK1A	0.00650868902841115
916	SUCLG1	DYRK1A	0.00644982498646332
917	RARB	DYRK1A	0.00644869434638098
918	ZNF711	DYRK1A	0.00644542596609424
919	ZBED6	DYRK1A	0.00641103118478767
920	ASAP3	DYRK1A	0.00639755295794399
921	DIS3	DYRK1A	0.00637640426758309
922	RFC2	DYRK1A	0.0063687485910625
923	ZNF561	DYRK1A	0.0063434001488496
924	TCF7	DYRK1A	0.00631915543111325
925	TBPL2	DYRK1A	0.0063165765773893
926	DPF1	DYRK1A	0.00630530701222807
927	ZNF528	DYRK1A	0.00622731317975006
928	ZXDB	DYRK1A	0.00619701764566864
929	VPS72	DYRK1A	0.00613163937884935
930	LAS1L	DYRK1A	0.006108655704302
931	PKM	DYRK1A	0.00610508750975901
932	ZNF596	DYRK1A	0.00610081753308949
933	ZNF385A	DYRK1A	0.00608930623635043
934	ZNF665	DYRK1A	0.00604502026183416
935	ZNF749	DYRK1A	0.00599998666484912
936	ZNF606	DYRK1A	0.0058269468272134
937	PHF8	DYRK1A	0.00582278907618405
938	TMEM33	DYRK1A	0.00582271320639344
939	DGCR8	DYRK1A	0.00581696671766674
940	DAB2	DYRK1A	0.0057749942624553
941	ZNF430	DYRK1A	0.00571867062761409
942	ZNF423	DYRK1A	0.0056702848497339
943	KAT2A	DYRK1A	0.00564943882708317
944	TERF1	DYRK1A	0.00564867679230229
945	CSNK2B	DYRK1A	0.00563841938794361
946	TET1	DYRK1A	0.00558459335880553
947	PLAGL2	DYRK1A	0.00554461526374463
948	ZNF28	DYRK1A	0.00553259650575305
949	ZBTB5	DYRK1A	0.00552863577273489
950	RUVBL1	DYRK1A	0.00547745186743772
951	LEF1	DYRK1A	0.00545853817789737
952	STAT6	DYRK1A	0.00538052490834962
953	MIOS	DYRK1A	0.00537511935951146
954	SREBF1	DYRK1A	0.00528495483428779
955	ZNF628	DYRK1A	0.00527816330116073
956	ZNF300	DYRK1A	0.00521652488513087
957	MSC	DYRK1A	0.00519527695105119
958	TRIM66	DYRK1A	0.00519106918594712
959	ZFP37	DYRK1A	0.00519081018492407
960	SATB1	DYRK1A	0.00517148284310861
961	TFE3	DYRK1A	0.00511476344456896
962	SND1	DYRK1A	0.00497142960363996
963	ESRRG	DYRK1A	0.00492968576434087
964	DUSP26	DYRK1A	0.00491595018801187
965	SMAD4	DYRK1A	0.00485411157933991
966	ZNF615	DYRK1A	0.00474554624124271
967	ZSCAN30	DYRK1A	0.00471420208573002
968	ZNF485	DYRK1A	0.00462210543355775
969	ZNF704	DYRK1A	0.00461731826355953
970	PBX4	DYRK1A	0.00460734426769743
971	CSTF2	DYRK1A	0.00455055117473059
972	EXOSC3	DYRK1A	0.00450322686447738
973	ZNF441	DYRK1A	0.00450306160290653
974	CTBP1	DYRK1A	0.00450117564596082
975	TEAD4	DYRK1A	0.00448045995400274
976	NUAK1	DYRK1A	0.00446981731529285
977	NR1H3	DYRK1A	0.00436528380567307
978	KLF8	DYRK1A	0.00435800803223609
979	ZNF709	DYRK1A	0.0042944972332633
980	ZNF77	DYRK1A	0.00417353065221274
981	RXRB	DYRK1A	0.0040533883420722
982	ZNF774	DYRK1A	0.00403822095710331
983	ZSCAN29	DYRK1A	0.00400304508831255
984	ZNF30	DYRK1A	0.00392775243051899
985	PICK1	DYRK1A	0.00391655182910602
986	ZNF394	DYRK1A	0.00388756745751021
987	ZNF622	DYRK1A	0.00387825992107345
988	MYPOP	DYRK1A	0.00387662275806844
989	THAP11	DYRK1A	0.0038761368556426
990	ALX3	DYRK1A	0.00382704103701839
991	ZNF662	DYRK1A	0.00376688267395421
992	VSX2	DYRK1A	0.00376274879010904
993	ZNF700	DYRK1A	0.00374347690331748
994	SSRP1	DYRK1A	0.00372798428482238
995	ZNF543	DYRK1A	0.00365401580292411
996	NR4A3	DYRK1A	0.00362443148420031
997	EEF1AKMT3	DYRK1A	0.00362138584114146
998	SP1	DYRK1A	0.00358234140552232
999	GABPA	DYRK1A	0.00357855255193138
1000	ZNF112	DYRK1A	0.00352613261226812
1001	PAX8	DYRK1A	0.00344362845470444
1002	ZNF706	DYRK1A	0.00337893343403345
1003	MEX3C	DYRK1A	0.00333236739336794
1004	ZNF461	DYRK1A	0.00330479661496201
1005	ING4	DYRK1A	0.0032569581588227
1006	TP73	DYRK1A	0.00320522959209296
1007	ZNF391	DYRK1A	0.00316384738612204
1008	ZNF384	DYRK1A	0.00314147417495576
1009	ZNF764	DYRK1A	0.00314001442043233
1010	VDR	DYRK1A	0.00304378060703131
1011	ZNF275	DYRK1A	0.00300511134513805
1012	ZNF519	DYRK1A	0.0029680678119885
1013	MBTPS2	DYRK1A	0.00296128246674756
1014	ZNF584	DYRK1A	0.00295733765073067
1015	EGR1	DYRK1A	0.00292791823501995
1016	ZNF260	DYRK1A	0.00292765762456852
1017	POU6F1	DYRK1A	0.00291950431887105
1018	ZNF592	DYRK1A	0.00281542746889148
1019	ZNF138	DYRK1A	0.00281369061026283
1020	HBP1	DYRK1A	0.00265098992778701
1021	CNOT3	DYRK1A	0.0026435772314841
1022	ZNF70	DYRK1A	0.00258960233771452
1023	HIC1	DYRK1A	0.00257593284608606
1024	AGMAT	DYRK1A	0.00248695316073512
1025	EGR2	DYRK1A	0.0024663884705246
1026	MDM2	DYRK1A	0.00244836118197481
1027	FIP1L1	DYRK1A	0.0024469074540294
1028	ZSCAN21	DYRK1A	0.00241206930704388
1029	ZNF563	DYRK1A	0.00239670927907165
1030	MXD3	DYRK1A	0.00228872179295936
1031	ELK1	DYRK1A	0.00228845030928375
1032	FAAP24	DYRK1A	0.0022139670462866
1033	ZNF575	DYRK1A	0.00218609545179748
1034	E2F1	DYRK1A	0.00209291920997552
1035	TRIM21	DYRK1A	0.00187154585778708
1036	FIZ1	DYRK1A	0.00184927406400009
1037	EWSR1	DYRK1A	0.00180547882742684
1038	MECP2	DYRK1A	0.00165132369642285
1039	ZNF600	DYRK1A	0.00144871663344181
1040	ZNF746	DYRK1A	0.00137407342172205
1041	ZNF101	DYRK1A	0.00136835886211441
1042	ZNF354B	DYRK1A	0.00136001960607867
1043	ZNF358	DYRK1A	0.00135170804711013
1044	ZNF787	DYRK1A	0.00126244469768985
1045	NUAK2	DYRK1A	0.0012594026394975
1046	SNRPB2	DYRK1A	0.0012550319186512
1047	ZNF407	DYRK1A	0.0012010687052695
1048	ZNF510	DYRK1A	0.00117731620306189
1049	ZNF408	DYRK1A	0.00116074400569291
1050	ZNF730	DYRK1A	0.00110938105971898
1051	TGIF2	DYRK1A	0.00107192052465305
1052	APEX2	DYRK1A	0.0010631028000181
1053	ZNF580	DYRK1A	0.00105847062901933
1054	PPP2R3B	DYRK1A	0.000998665266692634
1055	PRDM4	DYRK1A	0.000873157759348419
1056	ATF5	DYRK1A	0.000861401812442555
1057	HINFP	DYRK1A	0.000826555620255623
1058	PARP1	DYRK1A	0.000783267218825378
1059	ZNF524	DYRK1A	0.000746361400872672
1060	IRF4	DYRK1A	0.000713817413530128
1061	EXO5	DYRK1A	0.000631522181221237
1062	TAF7	DYRK1A	0.0005915424101292
1063	TIMELESS	DYRK1A	0.000427212575106267
1064	ZBTB24	DYRK1A	0.000422484809522313
1065	ZNF513	DYRK1A	0.000395577286375845
1066	ZBTB32	DYRK1A	0.000378316164618464
1067	MITF	DYRK1A	0.000254887448709671
1068	BHLHE40	DYRK1A	0.00025020535763052
1069	ZNF283	DYRK1A	0.000191244254958021
1070	FOSL1	DYRK1A	0.000138762725705549
1071	ZNF696	DYRK1A	0.00012857271547736
1072	RFXAP	DYRK1A	0.00012566572061733
1073	ZNF529	DYRK1A	8.29999596772263e-05
1074	DMC1	DYRK1A	6.69699638606496e-06
1075	ZFP69B	DYRK1A	5.17486689018115e-06
1076	LBX2	DYRK1A	4.86560835699359e-06
1077	ZNF443	DYRK1A	3.09878770719166e-06
